trail,mean,std
0,42.9,13.746635952115698
1,45.1,12.179901477434049
2,42.9,14.843517103436096
3,45.07,12.314426499029492
4,45.14,12.370141470492566
5,42.89,14.90227834929949
6,44.21,13.299093954100785
7,42.99,14.085094958856335
8,44.1,12.286171087853198
9,43.59,13.56104347017589
10,45.51,12.264171394757977
11,43.85,13.037925448475308
12,44.12,14.076419999417473
13,43.21,13.608302612743447
14,43.86,13.659443619708671
15,43.58,12.703684504898563
16,41.81,15.816254297399231
17,41.21,16.5778738081818
18,44.45,12.62646031158376
19,43.86,13.14003044136504
20,42.42,14.324231218463344
21,39.79,16.902837039976454
22,42.43,15.140842116606315
23,40.78,16.1793572183817
24,41.44,15.920628128312032
25,38.74,18.04417911682324
26,42.2,16.058019803201145
27,41.56,15.63350248664706
28,40.08,16.66894117813126
29,42.93,14.552151043746072
30,41.4,15.700955384943924
31,42.05,15.705651848936412
32,40.79,16.07874062232488
33,40.29,16.020171659504786
34,42.81,14.679029259457176
35,40.34,16.713599253302704
36,41.0,15.18617792599573
37,41.23,15.329615128893474
38,40.41,15.461626693204064
39,42.87,14.985763243825787
40,42.14,15.49646411282265
41,41.91,16.045619339869685
42,41.25,16.447720206764217
43,41.36,15.149600654802764
44,40.24,16.527625358774333
45,38.67,17.585252343938667
46,36.49,18.693579111555938
47,42.11,15.49767401902622
48,41.38,14.9878484112964
49,37.39,18.383087335918304
50,41.61,15.56527866759859
51,39.74,16.852667444651
52,38.66,16.143246265853726
53,39.91,16.876667325037825
54,40.77,15.397957656780324
55,38.92,17.06556767294895
56,37.28,18.05219100275642
57,39.9,16.584028461142964
58,39.12,16.794213289106466
59,38.06,18.24544874756443
60,38.42,17.91601518195382
61,41.72,14.626058936022389
62,34.25,18.923200046503762
63,37.16,18.382448150341677
64,36.12,18.336455491724667
65,35.13,18.35301337655482
66,38.78,16.89057725478913
67,39.32,16.526875082725105
68,41.34,15.272341012431589
69,37.1,17.144970107877118
70,38.03,18.025789857867544
71,38.11,17.31871531032254
72,37.31,18.241543246118198
73,36.45,18.135807122926735
74,36.99,17.568434762379937
75,40.0,16.76305461424021
76,36.6,18.09253989908549
77,37.85,16.82163785129142
78,38.76,17.431075698303868
79,36.34,18.323875136007675
80,35.93,17.935581953201286
81,38.07,17.343733738731107
82,38.61,17.009935332034633
83,38.85,16.62310139534737
84,35.72,18.630126140206343
85,38.75,17.246086512597575
86,39.16,16.12496201545914
87,38.88,17.3472072680302
88,38.31,16.43575066737142
89,35.41,18.433173899250228
90,39.3,16.80981855940154
91,38.77,16.910857459040923
92,38.28,17.280092592344523
93,37.95,17.29298990920887
94,39.69,16.934990404485024
95,35.87,18.248646525153596
96,35.82,18.998094641305475
97,39.62,15.804290556681117
98,35.35,18.874519861442838
99,33.78,19.129861473622864
100,33.66,18.769773573487768
101,36.05,17.36109155554455
102,35.42,18.516576357415552
103,37.05,17.893224974833345
104,35.24,18.796872080215895
105,37.34,16.70641792844894
106,32.11,19.219726845093305
107,36.06,18.25640709449699
108,38.87,15.574758425092819
109,34.68,18.69485490716629
110,34.49,18.946500996226188
111,33.77,19.40971663883839
112,35.8,17.574982219052163
113,35.94,17.212100394780414
114,34.69,18.16793604127888
115,36.18,17.51877849623083
116,29.66,20.43096669274364
117,32.49,19.906026725592433
118,38.03,17.273363887789788
119,35.66,18.541423893541737
120,38.0,17.30375681752376
121,35.37,18.923876452777844
122,32.85,19.379563978583214
123,34.75,17.656939145842916
124,36.78,18.05191402594197
125,33.76,19.753035209810164
126,36.1,18.056854654119572
127,33.95,18.65763918613499
128,35.45,17.826595300280978
129,33.94,17.496753984668135
130,34.85,18.881406197632625
131,35.37,18.18221933648365
132,33.38,18.67499933065594
133,35.55,17.84341615274386
134,36.28,18.319978165925843
135,33.2,18.301366069231012
136,33.82,17.850142856571196
137,33.36,18.58898598633072
138,31.29,19.486043723650017
139,33.84,19.140909069320614
140,32.22,19.137701011354533
141,32.19,19.624828661672442
142,33.28,18.788336807711328
143,30.78,18.609986566357325
144,35.92,18.440542291375273
145,34.31,17.12173764546111
146,34.51,19.002365642203603
147,36.34,16.71359925330269
148,32.31,18.426445669200554
149,33.52,18.9570461834116
150,28.96,18.779733757431178
151,30.33,19.402090093595582
152,35.21,18.082198428288525
153,30.31,19.433833898641826
154,34.67,17.998919412009162
155,29.23,18.55201067270068
156,29.51,19.268884243774995
157,30.76,19.36497869867148
158,29.29,19.92249733341681
159,30.07,19.894851092682245
160,33.63,17.578768443778998
161,30.1,18.98710088454791
162,33.23,18.51964092524474
163,31.47,19.65423872857964
164,32.03,19.173656406642937
165,36.77,16.391982796477055
166,32.21,19.058486298759412
167,35.43,17.455804192302335
168,32.58,18.243453620408605
169,32.53,18.020796319807843
170,32.2,17.658992043715298
171,30.56,19.08943163114083
172,30.05,19.12766321326261
173,34.04,18.84564671217202
174,32.97,18.62979065904928
175,30.2,19.28159744419534
176,34.76,18.45324903641633
177,29.17,19.412395524509584
178,30.99,18.989731435699664
179,29.84,19.626370015874052
180,30.7,18.42199772011712
181,33.57,17.686296955552898
182,31.36,19.130875568044445
183,28.26,19.15286923674884
184,31.86,18.396206130612914
185,30.75,18.729855845681247
186,27.78,19.06178375703596
187,31.83,19.093483181441776
188,31.53,18.64695953768334
189,30.63,19.57429692223964
190,32.15,19.692320838336958
191,32.51,17.9874928769965
192,29.38,18.755681805788875
193,28.97,19.091597628276173
194,29.42,17.613733278325753
195,30.4,18.24280680158621
196,27.98,19.39534995817297
197,30.86,18.32976813819531
198,29.12,18.77246920359706
199,32.38,18.53255513953756
200,29.03,19.74003799388441
201,31.86,19.31736006808384
202,31.22,17.831197379873284
203,28.14,19.174994132984764
204,31.4,19.251493448561334
205,32.12,18.116997543743278
206,28.74,19.23310687330573
207,28.25,19.289569720447368
208,28.23,18.836058504899587
209,28.17,18.828730706024782
210,31.26,18.628805651463544
211,30.77,18.756254956680458
212,30.66,18.584520440409538
213,28.22,19.110510197271026
214,29.99,17.902790285315856
215,27.98,19.32768998095738
216,30.37,19.24923634848926
217,30.35,18.48479104561369
218,30.24,18.513303324906666
219,31.19,19.21233718213377
220,30.17,18.708850846591293
221,30.38,18.714048199147083
222,31.78,18.19427382447567
223,27.02,17.90138542124603
224,31.48,19.12876368195288
225,28.41,18.457028471560644
226,27.76,19.174524765949226
227,30.4,19.81464105150533
228,28.46,18.032980896124748
229,27.04,18.727477139219793
230,26.77,17.57376169179496
231,29.28,18.804829166998562
232,30.52,18.568510979612757
233,29.94,18.914978191898612
234,31.1,18.9406969248758
235,30.15,18.51938173914021
236,29.43,18.61894465322887
237,29.63,17.7046067451384
238,30.39,18.710903238486384
239,30.12,17.79903368163565
240,29.03,18.52266449515296
241,30.34,19.15892481325609
242,29.2,18.596236178323824
243,27.86,20.07387356740099
244,32.88,17.795100449280962
245,32.5,18.550741225083165
246,29.91,16.9564707412834
247,25.21,18.678487626143607
248,27.53,19.06119356178936
249,32.62,18.218002085849033
250,28.2,19.168202836990233
251,28.89,18.158135917543955
252,30.38,18.48771483986055
253,30.45,18.022971453120594
254,31.26,17.525763892053327
255,31.46,17.96018930857912
256,27.81,18.896928321819928
257,28.02,19.780788659707177
258,30.39,17.15219810986336
259,28.73,18.66379114756699
260,29.42,19.09721445656408
261,30.06,18.989375977108875
262,28.72,17.79442609358335
263,28.89,18.756276282887285
264,27.19,18.81047314662765
265,30.18,17.719130904195044
266,28.28,18.67462449421674
267,29.28,19.19170654214992
268,26.84,17.945316937853182
269,27.58,19.447971616597965
270,25.5,17.46739820351045
271,27.54,18.899957671910276
272,29.24,17.933833945924658
273,26.97,18.565804588005335
274,30.15,18.711159771644297
275,25.42,19.102450104633174
276,25.62,18.493663779792254
277,27.23,16.852213504462853
278,27.16,17.700124293348903
279,24.55,19.437785367680135
280,28.75,18.610951077255564
281,29.52,19.36309892553359
282,28.86,17.571010215693352
283,26.75,18.90363721615499
284,24.49,18.11546024808644
285,23.76,18.014505266590035
286,28.72,18.05939090888727
287,25.2,18.283872675120012
288,29.27,18.972535413064854
289,26.77,18.01602342360822
290,31.49,17.45193112523654
291,26.45,17.688060945168644
292,23.27,18.639664696555037
293,24.75,18.48911842138505
294,28.99,17.831149710548665
295,27.09,17.87909114021179
296,26.84,18.62295357884995
297,29.8,18.91877374461675
298,22.2,18.2608871635526
299,25.76,18.085419541719236
300,29.04,18.115142836864404
301,29.16,18.145919651535984
302,23.93,18.631830291197907
303,26.28,18.384275890009917
304,30.19,17.58447895162094
305,29.23,17.84928850122603
306,25.55,18.2161329595499
307,28.11,18.50075403868718
308,29.65,18.478298081803967
309,28.21,18.302073653004467
310,28.57,16.943585807024444
311,26.68,18.26739171310453
312,26.38,18.2415898429934
313,29.82,18.222722079865022
314,31.39,19.09968324344673
315,32.57,17.524414398204577
316,23.47,18.982336526360495
317,26.46,18.348525826343657
318,22.02,17.109050236643764
319,25.75,17.708401960651333
320,29.56,18.2495588987789
321,27.37,17.33127519832283
322,27.79,18.103753754401325
323,28.13,18.741213941471354
324,28.57,19.463429810801596
325,26.15,17.829399877730033
326,28.81,18.15472114905652
327,25.21,18.029584021823684
328,24.75,19.001776232763085
329,24.07,17.17280116929094
330,29.67,19.080909307472737
331,29.35,17.732103654107153
332,25.0,18.077610461562667
333,22.97,18.462099013925805
334,27.8,18.877499834459012
335,23.81,18.158025773745333
336,25.34,18.20561451860387
337,27.29,19.05008923863613
338,28.66,18.83359763826338
339,25.26,17.53146884890139
340,22.71,17.676139284357316
341,24.19,17.196915421086427
342,24.63,17.025072687069507
343,21.93,16.71302186918931
344,26.73,18.91076677451235
345,26.57,17.859594060336306
346,25.76,18.03336906958874
347,27.42,18.30255719838078
348,27.19,17.20040406502126
349,22.96,16.97994110708279
350,31.19,18.396573050435233
351,27.63,18.367718965620092
352,24.18,17.361670426545942
353,25.66,17.62624180022503
354,26.32,16.6828534729524
355,24.98,17.156911143909326
356,25.18,16.81450564245051
357,23.62,17.969296035181788
358,28.59,17.770815963258414
359,25.33,17.404628694689233
360,28.0,18.047160441465575
361,27.5,18.77578227398262
362,27.86,18.93991552251488
363,26.51,17.772166440814132
364,26.69,18.274952804316623
365,26.36,17.71074250278627
366,25.1,17.83059168956543
367,24.28,17.14589163619087
368,26.38,17.4749992846924
369,24.71,17.13259758472135
370,25.96,17.39765501439778
371,24.58,16.865455819514636
372,26.52,17.5234014962849
373,28.36,16.87099285756473
374,29.73,17.55782161886832
375,25.93,18.638806292249512
376,25.72,16.53727909905375
377,25.54,17.51137915756495
378,24.03,18.42197329278273
379,26.49,17.238036431102003
380,26.13,18.34483851114531
381,26.28,17.441376092499123
382,27.47,17.980241933856178
383,22.62,17.178346835478674
384,25.73,18.365650002109916
385,25.98,16.852287678531958
386,24.28,18.238464847678383
387,27.39,18.661133406093
388,26.27,17.959874721166624
389,23.28,18.707795166721276
390,26.44,17.53700088384556
391,25.2,17.37469424191402
392,27.07,17.719624713858924
393,26.94,17.732918541514813
394,26.61,18.264115089431524
395,22.74,16.96090799456208
396,25.76,17.5642363910305
397,25.94,18.202098780085773
398,26.17,17.47630109605577
399,23.6,17.208137609863535
400,25.84,17.134596581186265
401,26.17,18.439118742499602
402,26.87,18.913833561708206
403,23.0,16.887273314540746
404,24.19,19.036120928382445
405,24.83,18.05106922040908
406,24.3,17.05080643254155
407,25.37,17.444572221754253
408,25.31,18.65352245555782
409,27.46,17.250171013645048
410,24.07,18.763397879915036
411,25.09,17.86902067825766
412,26.91,18.24066610625829
413,26.42,17.703773609036013
414,23.57,17.764715027266835
415,26.73,17.515053525467746
416,24.27,16.995796539144607
417,21.67,17.768542427560003
418,20.92,17.1573191379073
419,25.27,18.22737227358897
420,24.86,18.264183529520285
421,26.28,17.581854282185365
422,26.59,17.578449874775647
423,22.64,17.49601097393346
424,23.19,18.175640291334993
425,22.95,17.111618859710497
426,24.17,17.51002855508808
427,22.05,16.91707717071717
428,25.69,16.255272990632918
429,24.65,18.66299815142251
430,24.04,17.39822979501076
431,26.2,17.81010948871455
432,26.42,17.886967322606704
433,22.27,16.885410862635233
434,25.8,17.94937324811092
435,23.73,17.798794903026444
436,27.55,17.522200204312238
437,23.26,17.29197501733102
438,22.98,16.85050741075769
439,25.08,18.264544888937134
440,27.69,17.286812893069673
441,26.02,17.729624925530718
442,24.13,17.808231242883164
443,21.8,17.410341754256294
444,24.33,17.01355635956222
445,26.14,17.438474703941278
446,20.23,16.923861852425993
447,25.03,17.35134288751161
448,23.44,18.245174704562302
449,25.6,17.233107670991906
450,23.66,17.11853965734227
451,24.83,16.910384383567393
452,25.51,18.594351292798574
453,22.13,16.876406608043073
454,26.73,17.21095871821207
455,23.78,17.445675681956253
456,25.61,17.376360378399156
457,24.28,18.47380848661153
458,20.45,16.604442176718855
459,21.73,17.021078109215058
460,23.04,17.008774206273653
461,21.82,17.321304800736
462,20.85,15.200246708524173
463,24.14,18.548326070025837
464,24.04,18.36622987986376
465,20.18,16.722667251368726
466,20.76,16.585005275850833
467,25.24,17.64092968071694
468,27.15,18.600201611810554
469,21.99,16.51635250289845
470,25.99,15.890560090821218
471,23.62,17.10601063953837
472,24.04,17.945428387196564
473,25.29,18.221029059852793
474,26.72,18.134541626410076
475,22.32,16.854601745517456
476,24.96,16.703843869002124
477,24.7,17.02850551281586
478,22.23,16.92563440465379
479,21.27,17.26259250518299
480,25.19,18.23606042981872
481,24.77,17.90299137015934
482,24.84,17.506981464547227
483,25.14,16.251166112005624
484,22.01,16.591259747228357
485,24.64,16.682637681134242
486,26.15,17.76984805787601
487,22.51,17.62185858529116
488,21.43,16.313341166051792
489,24.13,17.835164703472746
490,24.12,17.86912420909318
491,23.44,16.354400019566604
492,21.11,15.067113193973158
493,23.21,17.057136336442877
494,23.4,16.62708633525429
495,25.34,16.663865097869703
496,21.54,15.05883129595388
497,24.34,17.7551232043036
498,20.03,16.276028385327916
499,23.58,16.995987761821908
500,23.21,17.88870872925153
501,23.48,17.409468688044445
502,21.66,16.91521208853143
503,24.1,17.429572570777516
504,20.4,17.076299364909246
505,23.4,16.60963575759565
506,22.93,16.279591518216908
507,21.37,16.837253338950504
508,23.91,16.738634950317778
509,21.92,16.689325930066804
510,23.17,17.487169582296616
511,23.11,16.013678528058445
512,23.78,16.45392354424925
513,21.09,16.43295165209221
514,23.73,17.323888131709925
515,22.89,16.71639614270971
516,21.99,16.70418809759995
517,24.46,16.819881093515498
518,21.87,16.195465414738784
519,21.23,15.176860676701228
520,19.53,15.227905305720812
521,24.53,17.659249700935767
522,23.85,17.0519060518172
523,22.98,16.010608982796374
524,20.02,15.10561485011451
525,24.27,18.253139455994955
526,22.61,17.86387136093406
527,22.67,16.554790847365
528,21.72,16.353641796248322
529,21.02,16.346852908128835
530,20.63,17.48122135321214
531,23.55,16.971962172948654
532,19.03,15.779388454563128
533,22.45,16.27966522997325
534,20.96,15.85239414094918
535,23.68,17.11541994810527
536,23.12,16.83881230966128
537,22.29,16.807911827469823
538,22.82,15.10389353776039
539,20.31,16.711490059237686
540,22.01,16.795532143995917
541,23.01,17.742319465053043
542,21.71,17.48215947759315
543,20.69,17.121737645461106
544,23.74,16.53155770034996
545,21.85,17.067732714101194
546,23.18,17.417451019021122
547,24.39,17.705307113970097
548,24.17,16.42501445965878
549,22.48,17.29651988117841
550,21.17,16.889674360389545
551,21.53,16.531457890942345
552,20.6,16.134435224078963
553,23.64,17.58153576909594
554,23.65,16.472021733837042
555,21.47,16.154538062105022
556,20.65,15.603445132405856
557,21.72,17.10092395164659
558,21.78,16.908329308361605
559,23.27,16.170871961647585
560,23.02,16.496048011569314
561,25.6,16.149922600433726
562,20.9,16.688618876348038
563,23.76,16.734467425048223
564,19.9,16.26683743079766
565,24.54,17.788434444885812
566,20.2,15.451213544573127
567,24.53,17.39336367698899
568,20.82,16.573702060794986
569,23.0,16.389020715100706
570,21.88,16.9483214508104
571,25.84,17.148014462321868
572,23.75,17.150145771975232
573,20.87,16.67012597432905
574,21.69,17.478955918475226
575,21.06,15.927221979993876
576,21.94,16.506253360469177
577,19.12,15.14680164259109
578,20.07,15.478536752548669
579,20.57,16.694463153992103
580,19.04,16.147396074909416
581,20.58,14.875604189410257
582,20.61,15.063794342727867
583,20.67,16.505789893246554
584,25.86,16.315648929785176
585,20.9,16.326971550168142
586,21.16,16.05659988914216
587,21.97,17.11634014618779
588,21.98,16.389008511804484
589,18.63,15.050352155348392
590,22.38,15.182081543714618
591,22.54,16.79191472107931
592,19.96,16.286755355195833
593,19.13,14.453134608104914
594,23.44,16.85070918388897
595,24.89,16.84511501890088
596,19.85,14.75559216026249
597,21.17,15.429876862762063
598,21.82,16.60384292867166
599,20.77,14.430422724230914
600,22.25,16.36543613839851
601,20.59,14.482468712205112
602,19.89,15.108868256755704
603,22.63,17.323772683800723
604,20.65,16.096195202593687
605,21.04,16.365769153938352
606,21.45,15.459220549562005
607,20.76,15.920502504632191
608,23.52,16.316543751665055
609,21.79,15.093240208782207
610,21.62,15.5478487257884
611,23.29,17.354132072794656
612,21.98,15.293776512032597
613,22.22,16.07269734674302
614,21.09,15.026706225916577
615,23.16,17.49612528533104
616,20.8,15.466738505580294
617,20.92,16.515253555425666
618,19.97,15.016294482994129
619,23.01,17.332336830329602
620,22.0,15.817711591756881
621,23.84,16.479514555957042
622,25.77,16.641427222446993
623,23.15,16.72565394835132
624,23.58,15.988233173180832
625,18.38,14.902201179691543
626,22.44,15.45724425633496
627,22.71,16.04325091744189
628,20.02,15.457024293181401
629,23.88,16.27899259782374
630,21.04,16.653480116780397
631,21.86,15.999387488275921
632,22.62,16.191837449776973
633,20.63,16.624472923975667
634,20.48,15.494179552335126
635,20.39,16.713404799740832
636,20.36,16.52121060939543
637,21.1,16.243460222501852
638,22.0,17.114905784140326
639,19.69,14.440010387807897
640,22.13,16.683318015310984
641,19.46,14.734598739022383
642,19.79,16.04761352974329
643,19.1,14.835430563350693
644,17.89,13.621963881907778
645,17.32,13.233200671039489
646,21.48,15.776235292363008
647,21.0,16.67872896835967
648,19.99,16.48241183807758
649,21.93,15.802692808505771
650,22.79,15.184396596506563
651,19.84,15.988570918002644
652,24.08,16.80159516236479
653,22.32,16.76357957000831
654,20.55,16.41851089471881
655,19.52,14.572906367639913
656,19.22,15.073539730269065
657,23.1,14.563310063306346
658,19.9,15.63169856413563
659,19.85,15.125723123209676
660,23.56,17.32011547305618
661,22.21,16.639287845337613
662,19.83,16.084809604095412
663,21.01,15.199009836170246
664,21.3,14.526871652217487
665,20.25,15.675697751615397
666,18.69,15.047720757643003
667,19.6,15.416873872481409
668,22.06,15.991760378394867
669,21.53,16.103698332991716
670,20.47,15.841373046551238
671,25.14,16.714676185915177
672,19.59,16.035644670545683
673,23.26,16.661104405170747
674,22.43,16.530127041254097
675,22.08,16.521912722200174
676,22.93,16.46466215869612
677,20.13,15.691816338461273
678,21.04,16.201185141834532
679,19.09,15.557053062839376
680,20.56,15.42810422573039
681,20.85,15.162700946731093
682,20.35,15.437211535766417
683,19.92,16.708488860456537
684,20.43,15.799528473976688
685,21.7,16.419805114556024
686,19.73,13.846194423017465
687,21.67,16.125789903133427
688,19.52,15.513529579048088
689,20.29,15.796388827830237
690,20.28,15.836716831464784
691,19.92,15.812450790437262
692,21.0,15.631378697990781
693,20.05,14.27051155354986
694,18.59,15.780427750856438
695,20.78,15.53291988004831
696,24.1,17.254854389417492
697,20.83,15.480991570309701
698,21.17,16.702128606857272
699,21.16,15.380975261666602
700,20.68,15.46084085682276
701,22.95,17.44269187940898
702,20.56,15.024193821965955
703,21.74,15.250324586709622
704,21.03,15.403541800508087
705,23.53,16.16382071170056
706,23.17,17.201194725948547
707,20.25,16.22921747959525
708,21.14,16.308905542678207
709,21.67,15.647399144905837
710,21.02,16.889037864840024
711,19.13,15.075579590848237
712,20.23,14.857223832196915
713,16.9,14.302097748232597
714,21.8,16.28127759114745
715,20.14,15.635229451466328
716,18.84,14.029768351615783
717,18.87,14.518026725419679
718,18.54,14.149501758012544
719,21.5,16.835973390332974
720,20.45,14.618053906043718
721,19.74,14.114262290321802
722,18.36,14.923484847715697
723,21.17,15.668474718363624
724,21.21,14.59266596616259
725,20.55,15.14092137222831
726,19.41,13.972898768687907
727,17.9,14.812494725737457
728,21.88,15.958245517599986
729,19.66,16.514369500528925
730,19.44,15.248816347507105
731,21.82,16.579734617900254
732,19.29,15.10383726077582
733,22.5,15.936436239009021
734,21.68,15.158416803875005
735,20.92,15.686733248194159
736,22.02,15.833496139513851
737,20.2,15.791770008456943
738,18.71,13.94366881419664
739,23.53,16.88517397008393
740,21.1,15.6272198423136
741,20.86,16.278218575753304
742,22.49,16.656827429015404
743,22.01,15.308491107878659
744,20.18,17.31437553017723
745,20.61,15.587106851497488
746,21.02,16.830317881727606
747,19.32,15.820796440129046
748,18.38,13.716982175391202
749,20.18,15.64185411004719
750,20.54,15.662962682711083
751,22.53,15.978394787962902
752,21.07,15.187004312898576
753,18.88,13.968020618541482
754,21.68,16.543808509530084
755,17.76,13.838439218351182
756,21.92,14.449692038240816
757,19.92,15.576700549217735
758,21.72,15.56796711198993
759,20.15,16.015851522788285
760,17.02,14.890923409916526
761,22.99,15.970907926602042
762,16.58,12.698173096945876
763,16.98,13.563907991430789
764,21.23,15.29696375101935
765,21.67,15.202009735557994
766,19.07,14.85008754182951
767,20.47,16.03150336057102
768,17.84,14.577187657432416
769,20.7,15.5180540017104
770,19.83,15.29382555150934
771,20.47,14.738015470204934
772,16.24,12.673689281341879
773,21.62,15.411541129945439
774,21.15,14.938791785147814
775,19.48,16.080099502179703
776,20.23,15.931638333831204
777,16.78,13.021198101557319
778,19.3,14.38436651368423
779,22.32,15.84101006880559
780,18.83,12.875600956848574
781,16.84,13.307681991992446
782,22.31,15.731938850631222
783,19.02,15.622406984840715
784,20.42,14.885012596568398
785,20.81,15.731938850631218
786,18.35,15.161381863141628
787,19.86,14.70579477620982
788,18.91,13.532993017067586
789,19.15,14.980236980769025
790,19.83,15.446718098029757
791,17.93,15.816608359569381
792,17.71,13.81614635128045
793,21.59,15.980046933598166
794,20.6,16.375591592366977
795,20.08,15.358828080293105
796,18.19,14.46630222275202
797,19.75,15.17456753914259
798,21.47,14.589348854558244
799,20.33,15.278779401509794
800,16.77,15.271447213672975
801,20.68,13.719970845450073
802,18.1,14.723111084278347
803,19.59,15.135451760684248
804,20.7,15.534799644668741
805,17.17,12.680737360264187
806,16.17,12.511638581736607
807,18.0,14.296852800529214
808,21.06,15.693833183769986
809,19.37,14.274911558395033
810,22.48,16.6472099764495
811,20.3,15.644487847162019
812,20.32,15.313314468135236
813,19.73,15.007901252340378
814,20.58,14.858788645108325
815,19.56,15.240288711176042
816,19.02,14.565699433944117
817,17.89,14.069040479009223
818,16.44,12.895983870957657
819,19.57,14.373068565897816
820,17.14,14.686061418910107
821,21.99,15.801579035020518
822,20.32,14.722010732233553
823,17.81,13.535652921082164
824,18.71,14.430727632382228
825,19.51,15.254832021362938
826,23.01,14.322356649657902
827,18.94,15.05112620370981
828,18.02,13.420864353684525
829,22.04,15.412929637158541
830,18.76,14.658185426579925
831,17.12,13.089904506909129
832,17.97,14.319535606995082
833,19.76,16.030046787205585
834,20.11,16.28428383442146
835,18.49,14.806414150630797
836,18.78,14.500055172308828
837,18.27,13.951956851997501
838,21.38,16.276228064265993
839,19.31,14.879311139968811
840,21.06,15.559447290954779
841,16.79,12.999457680995771
842,21.46,15.399623372017903
843,20.93,15.61105697894925
844,19.28,15.060597597705078
845,16.12,12.959382701348083
846,19.29,15.39629500886496
847,18.1,13.008843146106418
848,17.98,14.455434964054175
849,22.03,14.972945601984934
850,21.64,14.952939510343775
851,17.06,13.890154786754536
852,17.94,15.097562717207042
853,18.28,14.709235194258062
854,19.61,13.753468653397949
855,21.56,16.35256554794997
856,21.08,15.98541835548885
857,20.2,14.735671006099453
858,17.47,13.731318217855124
859,16.31,13.40872477158063
860,16.83,14.44787527631658
861,16.11,12.27509266767465
862,18.86,14.46376161307978
863,21.83,15.964369702559509
864,17.27,13.70609718337062
865,19.4,15.372703080460502
866,21.34,14.548003299422223
867,18.88,15.461099572798824
868,20.71,15.236334861114074
869,17.16,13.92531507722536
870,21.87,14.636020634038474
871,20.68,14.094594708610817
872,18.77,14.107342060076373
873,20.6,15.706686474237651
874,20.82,15.99148523433643
875,21.65,15.72919260483512
876,18.58,15.362408665310271
877,20.21,14.890463391043275
878,19.41,15.087143533485719
879,20.12,14.905891452710904
880,19.83,14.393092093084098
881,19.82,15.098595961214405
882,18.03,13.635582129120854
883,17.03,14.05521611359996
884,18.23,13.615325923385019
885,18.2,13.659428977816022
886,17.05,12.732144359847636
887,17.6,14.624636747625562
888,21.15,15.444983004199127
889,17.33,14.50520940903647
890,17.08,14.180747512031939
891,18.86,15.229589620209731
892,22.7,15.716551784663206
893,18.72,14.39727752042031
894,16.86,14.522410268271589
895,16.71,14.184706553186077
896,19.0,14.165450928226747
897,20.61,15.732065980029446
898,14.99,12.598805498935207
899,19.92,15.475580764546448
900,20.24,13.747086964153533
901,19.84,15.161609413251615
902,17.03,13.96384975570849
903,18.18,14.055162752526206
904,16.75,12.625668299143614
905,19.44,13.575949322238943
906,16.23,14.53055745661535
907,16.92,13.183838591244966
908,19.22,14.502813520141533
909,22.27,14.31632285190579
910,16.87,14.651044331377884
911,18.1,13.991783303067555
912,16.3,13.465140177510222
913,16.69,14.233548398062938
914,18.01,14.76109413288866
915,19.65,14.854208157959814
916,17.44,14.257152590892755
917,18.7,14.080127840328725
918,19.52,14.657066555078476
919,21.02,15.644794661484058
920,17.39,12.431327362755757
921,16.93,13.88398717948126
922,19.4,12.630914456206249
923,22.49,15.75912116839007
924,18.63,12.53447645496213
925,18.7,13.832931721077788
926,16.11,12.827232749116234
927,18.03,15.37364953418673
928,16.12,11.187743293443944
929,18.42,13.950756251902618
930,18.67,14.056354434916614
931,17.81,13.67895829367134
932,19.09,14.711284784137652
933,18.41,14.92722010288587
934,17.76,12.490092073319557
935,18.09,13.402309502470088
936,19.75,14.203784706901185
937,17.61,13.325835808683822
938,20.87,14.592227383096796
939,17.66,14.259186512560946
940,19.92,14.85374026970985
941,15.26,14.75643588404734
942,18.77,14.615645726412504
943,16.6,13.939870874581299
944,20.45,14.891860192736164
945,19.04,13.616108107678933
946,17.02,13.570541625152623
947,17.04,13.948419265278773
948,20.28,15.200052631487823
949,21.43,15.777360362240573
950,18.8,14.009996431120173
951,19.63,14.849010068014637
952,18.61,13.970608433421932
953,18.7,13.486660075793413
954,18.19,13.494958317831141
955,18.95,14.600256847055812
956,16.52,12.861943865528257
957,18.97,15.08141571603939
958,17.92,14.895422115536036
959,17.88,14.03586833794048
960,19.92,14.705563573015487
961,19.88,14.32150830045495
962,15.11,13.130038080675925
963,17.19,13.691380500154105
964,19.26,15.269328734427068
965,17.08,13.14890109476834
966,18.26,14.681702898506012
967,18.31,13.208099787630315
968,17.73,13.489888806065082
969,20.2,14.09255122396226
970,18.64,14.972321129337292
971,16.06,12.730137469799768
972,20.84,14.4136879389003
973,18.66,15.109083360680751
974,15.51,12.312185021351816
975,20.38,14.998519926979462
976,18.07,13.482028779082174
977,18.99,15.228588247109446
978,21.43,15.219234540541127
979,15.91,12.580218599054628
980,19.65,14.828604115020399
981,16.87,14.121370330106071
982,20.26,12.876816376729149
983,18.95,15.450161811450393
984,17.68,13.627090665288758
985,19.21,13.370336570184016
986,17.57,13.71149517740498
987,18.78,15.23258349722725
988,19.58,14.326325418613107
989,19.2,14.513442045221387
990,20.52,15.36325486347213
991,17.71,13.462016936551525
992,19.47,14.891913913261789
993,16.69,12.067887139014847
994,19.08,13.592409646563775
995,17.25,14.056582088118008
996,18.23,14.486445388707336
997,19.63,14.138355632816712
998,17.11,12.646655684409218
999,18.31,14.264427783826454
1000,17.77,14.989232802248418
1001,18.04,14.399249980467738
1002,18.38,14.261682930145378
1003,20.55,14.946153351280726
1004,19.53,13.220782881508946
1005,19.7,15.310453944935793
1006,14.28,11.630202061873215
1007,15.63,11.539198412368167
1008,18.03,13.94808589018579
1009,18.55,13.313433065892513
1010,20.58,13.922772712358702
1011,17.72,12.507661651963568
1012,16.47,12.860369357059698
1013,17.27,12.635549058113783
1014,17.51,12.110734907510773
1015,20.94,14.150491157553509
1016,16.61,13.181725987138407
1017,17.72,13.659487545292468
1018,18.51,13.835096674761619
1019,17.53,13.799605066812601
1020,19.49,14.864383606460109
1021,17.09,13.14845618314181
1022,16.86,11.82964073841636
1023,19.17,13.300417286686914
1024,18.86,14.845888319666159
1025,17.49,12.389104083831084
1026,18.95,14.408591187204948
1027,19.11,14.5484672732216
1028,19.79,14.92735408570454
1029,17.78,13.006598325465424
1030,17.84,13.31369220013742
1031,16.68,12.169535734776412
1032,19.09,13.012374879321603
1033,18.16,14.809942606235856
1034,17.4,14.108153670838716
1035,16.53,11.606424944831202
1036,21.42,14.744612575445991
1037,17.69,12.886190282624263
1038,15.74,12.670927353591763
1039,20.43,14.505347289879
1040,18.31,13.553372274087359
1041,17.36,13.40337270988164
1042,16.55,12.283627314437707
1043,18.25,13.573779871502264
1044,16.35,13.471729658807737
1045,18.22,13.178452109409513
1046,20.16,15.672727905505157
1047,19.43,14.498451641468478
1048,17.35,13.375630826245168
1049,17.71,13.075392919526358
1050,20.22,12.94030911531869
1051,18.04,12.803843173047689
1052,17.02,12.60791814694242
1053,17.14,12.956095090728537
1054,17.03,13.081632161163986
1055,17.44,13.36736324037018
1056,17.55,13.582617568053665
1057,17.02,12.668054309956208
1058,17.11,14.358199747879262
1059,17.64,12.899240287706869
1060,17.63,13.261715575294172
1061,19.36,13.784425994578083
1062,18.93,15.158004486079298
1063,16.69,13.541561948313053
1064,19.94,14.658662967678874
1065,19.46,14.630393022745494
1066,18.01,12.586099475214713
1067,16.06,12.035630436333612
1068,18.47,13.877647495162856
1069,19.54,13.210919725742032
1070,17.19,13.540084933263897
1071,16.72,13.48857294156799
1072,16.88,13.471659140581018
1073,17.89,13.434206340532365
1074,17.13,12.60766036979106
1075,18.37,13.517140969894486
1076,19.27,14.773526999332285
1077,15.35,12.808102904021343
1078,16.28,13.096625519575644
1079,16.63,13.357885311680139
1080,17.27,13.124675234077221
1081,18.3,12.575770354137354
1082,17.07,13.342604693237378
1083,18.82,14.10558754536655
1084,18.53,14.369728598689676
1085,18.91,13.870901196389507
1086,16.32,13.168811639627929
1087,17.58,13.58026509314159
1088,19.02,13.906099381206797
1089,16.55,12.301524295793593
1090,18.12,13.12195107444011
1091,17.43,13.418088537492961
1092,19.16,13.981215970007758
1093,18.54,13.748032586519425
1094,15.74,11.846197702216521
1095,18.82,13.879755041066106
1096,15.75,12.127138986587067
1097,16.68,13.196878418777677
1098,17.12,12.787712852578446
1099,16.85,13.762539736545719
1100,17.08,12.827844713746732
1101,14.96,10.431605820773713
1102,17.91,13.203859284315326
1103,14.89,12.086269068658037
1104,19.35,14.400954829454886
1105,16.0,11.023611023616535
1106,18.01,13.830036153242697
1107,19.59,14.156337803259712
1108,16.43,13.25688877527454
1109,19.82,14.391233442620543
1110,18.57,14.735844054549442
1111,17.72,14.767586126378271
1112,15.45,12.559757163257578
1113,17.37,12.26022430463652
1114,17.67,13.09126044351727
1115,15.71,11.279445908376886
1116,15.49,12.826141274756017
1117,16.03,12.988036803150814
1118,16.8,13.319909909605249
1119,18.33,13.66825153412096
1120,16.56,12.621663915665
1121,17.29,13.826275709676846
1122,17.36,13.192058216972816
1123,16.04,11.430590535925957
1124,19.9,15.779416972752825
1125,16.99,13.449531590356596
1126,17.97,15.225935110856083
1127,16.04,12.887140877634573
1128,15.04,10.649807509997538
1129,17.18,13.964512164769667
1130,17.14,13.221210232047596
1131,16.91,13.318479642962256
1132,19.45,14.37523912844583
1133,18.51,13.475529674190918
1134,16.05,13.38310502088361
1135,16.09,11.030951908153712
1136,17.94,14.46984450503875
1137,16.55,13.779241633703942
1138,18.3,14.070181235506533
1139,17.66,13.753704955392928
1140,16.69,11.801436353258023
1141,18.51,14.13329048735644
1142,16.72,12.01006244779768
1143,15.38,11.019782212004007
1144,16.7,13.570187913216236
1145,16.59,11.891253087879344
1146,15.55,11.003976553955393
1147,15.53,13.327756750481305
1148,16.61,12.206469596078957
1149,16.73,14.039127465765098
1150,17.19,12.450457822907556
1151,17.88,14.232554233165601
1152,14.89,10.418152427374059
1153,19.51,13.536982677096102
1154,15.85,12.13620616172945
1155,17.15,12.108984267889689
1156,16.75,13.537632732497954
1157,15.99,12.232330113269507
1158,19.06,13.82954807649187
1159,18.78,14.625033333295343
1160,17.37,13.279800450307976
1161,19.25,13.636990137123368
1162,17.61,12.514707347756879
1163,18.4,14.45544879967412
1164,16.68,12.013226044655948
1165,16.65,13.21012868975923
1166,16.7,14.045283905994925
1167,18.2,13.377593206552522
1168,16.95,14.504051158210938
1169,17.64,13.214022854528443
1170,16.99,13.49555111879467
1171,15.31,10.934070605222926
1172,15.26,12.571093826712136
1173,15.87,12.316375278465657
1174,16.36,13.476290290729123
1175,17.1,12.278843593759142
1176,18.14,12.684652143436967
1177,18.21,14.40992366391994
1178,17.14,10.733144925882627
1179,18.15,13.458361713076373
1180,16.39,12.26449754372351
1181,17.31,12.889294007043208
1182,16.33,11.083370426003093
1183,18.44,14.97686215467045
1184,16.12,11.834086361016638
1185,17.01,12.903096527578176
1186,16.79,13.624459622311631
1187,17.76,14.96871403962277
1188,16.34,12.332250402907006
1189,16.53,12.387457366223305
1190,15.85,13.52211152150432
1191,16.24,13.969337851165314
1192,18.69,15.116676221974197
1193,17.4,12.880993750483691
1194,18.01,12.022058891887031
1195,19.13,13.661372551833871
1196,16.43,13.114308979126578
1197,15.65,13.050957819256025
1198,16.92,13.602705613222689
1199,16.49,11.869705135343509
1200,18.16,13.843207720756054
1201,16.23,11.030734336389395
1202,17.88,12.751690084063371
1203,14.77,10.988043501916072
1204,15.59,13.09740050544382
1205,17.66,13.606777722885019
1206,15.24,11.894637447186021
1207,16.01,14.192600184603242
1208,20.8,14.300349646075093
1209,16.87,12.99819602868029
1210,17.05,13.147908578933764
1211,15.83,11.758448026844357
1212,16.32,12.925850068757567
1213,16.15,11.320225262776354
1214,17.29,12.186299684481746
1215,17.3,13.309770847013112
1216,18.73,13.710474098294338
1217,17.7,12.057777573002415
1218,14.97,11.381963802437607
1219,14.17,11.040883116852564
1220,17.39,13.987776806912525
1221,17.35,12.287697099131307
1222,17.18,13.29614981865051
1223,19.1,13.96603021620675
1224,16.89,12.535465687400688
1225,15.11,12.308448318126862
1226,17.34,13.050072796731826
1227,16.8,13.438005804433933
1228,17.56,11.44143347662346
1229,17.87,13.10240817559887
1230,17.9,12.793357651531515
1231,14.44,12.15674298486235
1232,15.95,12.872742520535398
1233,16.37,12.405365774534824
1234,16.83,11.94826765686139
1235,15.75,10.753022830813668
1236,16.67,12.435477473744223
1237,18.33,13.373896216136867
1238,16.55,12.777617148748826
1239,18.08,13.648941350888718
1240,15.13,10.74304891546157
1241,16.97,12.33163006256675
1242,17.67,13.225017958399903
1243,15.02,11.27739331583323
1244,16.8,12.38709005376162
1245,17.29,12.049311183632033
1246,15.03,11.015856752881277
1247,15.64,11.093709929505097
1248,17.34,14.181128304898733
1249,16.03,12.77924489162016
1250,16.17,11.680800486268055
1251,16.18,11.83332582159386
1252,17.18,13.147912381819404
1253,16.69,11.10017567428552
1254,15.88,14.142333612243775
1255,14.75,12.224872187470918
1256,18.28,13.146162938287357
1257,15.86,11.17498993288137
1258,16.26,11.731683596142542
1259,18.5,13.274411474713295
1260,17.43,13.454556848889524
1261,15.64,11.843580539684776
1262,15.67,12.148296176830723
1263,14.99,11.467776593568608
1264,17.67,12.839045914708771
1265,17.18,13.67214686872548
1266,15.24,10.78714049227134
1267,16.76,11.866018708901482
1268,16.07,13.968002720503746
1269,17.68,13.129265021317837
1270,15.08,12.420692412261081
1271,17.21,12.514227902671422
1272,15.8,13.141537200799608
1273,17.36,12.359223276565563
1274,15.69,13.324184778064284
1275,16.85,12.810444957143373
1276,15.84,12.265170198574493
1277,16.22,12.697700579238745
1278,15.87,11.666751904450527
1279,17.44,12.930058004510265
1280,16.34,12.859409006637904
1281,15.32,11.685786237990149
1282,17.03,12.06271528305298
1283,16.51,12.591659938228954
1284,16.04,11.448947549884226
1285,16.78,12.891532104447476
1286,15.48,12.425361161753008
1287,17.42,12.861710617176861
1288,19.19,13.796880082105517
1289,17.24,11.379033350860695
1290,16.89,12.097846915877223
1291,18.62,14.534634498328467
1292,17.97,13.742965473288507
1293,16.37,12.95967206375223
1294,15.57,11.95429211622336
1295,14.78,11.375921940660456
1296,15.85,10.918218719186749
1297,16.3,11.412712210513329
1298,14.62,11.716467044292832
1299,16.61,12.322252229199009
1300,18.37,12.393268334059423
1301,15.61,11.696063440320422
1302,16.03,10.888025532666607
1303,17.77,12.958283065282991
1304,15.0,10.591506030777682
1305,18.38,13.309981217116723
1306,16.6,12.60158720161869
1307,18.38,13.954769793873345
1308,16.51,11.993744202708344
1309,17.95,12.86263969797802
1310,18.27,13.347550337046874
1311,17.57,13.91204873481976
1312,15.5,11.706835610018619
1313,17.22,11.642662925636898
1314,17.38,13.498725865799338
1315,17.36,14.272014573983588
1316,16.92,12.228393189622256
1317,16.7,12.467156853108094
1318,15.66,11.583799031405889
1319,16.58,12.147575889863788
1320,16.25,12.918494494328664
1321,17.05,13.831395446591788
1322,17.6,13.54031018847057
1323,16.59,11.839843748968988
1324,16.39,12.529082169097622
1325,15.24,10.453822267477097
1326,15.46,11.908333216701655
1327,18.75,14.105584000671508
1328,16.49,12.56781206097545
1329,16.05,11.739995741055447
1330,16.43,12.3241673146708
1331,15.66,12.8204680101781
1332,16.57,13.308835411109417
1333,16.4,12.616655658295503
1334,18.09,13.099690836046475
1335,16.37,12.34718996371239
1336,17.44,13.006398425390481
1337,17.03,11.116163906672123
1338,15.39,11.748953144855074
1339,15.29,12.49903596282529
1340,15.89,12.348194199963004
1341,16.7,13.747363383572868
1342,14.77,11.057897630200783
1343,18.18,13.254719914053258
1344,18.49,14.007494422629621
1345,15.07,11.378273155448502
1346,16.66,11.673234341860873
1347,17.84,13.503125564105519
1348,16.67,12.299638206061188
1349,17.24,12.95154044891958
1350,17.64,13.06026033431187
1351,15.39,12.222843368054749
1352,17.73,12.7317359381979
1353,14.73,11.570527213571557
1354,14.82,11.284839387425947
1355,17.28,12.025040540472204
1356,15.91,12.228732559018535
1357,14.6,12.29064685034925
1358,15.65,12.304775495717097
1359,15.11,11.874253660756958
1360,14.11,11.879305535257522
1361,16.56,11.588200895738733
1362,17.09,13.156059440425162
1363,15.95,12.006977138314207
1364,15.93,11.796825844268447
1365,15.83,10.683683821603855
1366,15.94,11.121888328876532
1367,16.16,10.924028560929344
1368,15.78,12.523242391649218
1369,15.47,11.456399958102025
1370,17.78,12.575038767335865
1371,15.03,11.17627397659882
1372,16.22,11.602223924748218
1373,15.45,11.168146668091357
1374,14.61,10.594239000513438
1375,15.06,10.83957563745002
1376,16.88,12.113859830788863
1377,16.1,13.044155779505239
1378,15.32,9.73640590772591
1379,17.65,12.67310143571809
1380,15.84,11.23807812750917
1381,16.7,12.584514293368658
1382,16.99,12.673196124103818
1383,16.81,12.109248531597656
1384,17.46,12.742385961820494
1385,15.08,10.474425998592956
1386,18.5,13.251037695214666
1387,15.94,12.063846816003593
1388,17.46,12.01450789670555
1389,16.08,12.319642851966126
1390,16.76,12.078178670644016
1391,15.47,11.81393668511898
1392,18.28,12.405708363491382
1393,16.92,12.187436153678915
1394,15.0,11.843141475132347
1395,17.8,11.549025932952093
1396,15.7,9.980480950335007
1397,18.33,13.465552346636217
1398,15.63,11.780199488973011
1399,16.53,12.563801176395623
1400,16.7,12.286171087853205
1401,16.22,11.94535893140093
1402,16.25,11.88055133400803
1403,17.88,12.164933209845419
1404,17.78,13.235240836494059
1405,15.99,11.832577910159728
1406,14.09,10.781553691374912
1407,14.13,11.805638483368869
1408,16.57,12.560457794204796
1409,17.76,12.430703922143747
1410,13.77,10.427708281305152
1411,15.67,11.33495037483623
1412,14.65,11.581342754620467
1413,17.09,12.750760761617322
1414,15.43,10.910779073925017
1415,16.12,12.234606654894959
1416,16.3,11.345924378383634
1417,16.91,12.503675459639856
1418,15.49,10.515222299124254
1419,18.12,13.455318651001916
1420,16.45,14.086429639905207
1421,16.1,10.86139954149556
1422,17.08,12.7637612011507
1423,16.84,12.469739371775177
1424,15.92,11.018783961944255
1425,16.01,11.348563785783643
1426,15.46,10.955747350135454
1427,13.34,9.940040241367234
1428,16.62,11.750557433585868
1429,16.64,12.458346599769971
1430,14.67,11.980863908750484
1431,17.29,13.48799095491986
1432,15.68,12.752160601247148
1433,16.04,13.092684980553072
1434,16.63,11.295711575637899
1435,16.83,13.319200426452033
1436,16.55,13.245659666471884
1437,16.79,10.85568514650273
1438,19.13,13.744566199047535
1439,15.96,10.922380692870945
1440,17.65,13.153231542096412
1441,15.72,12.149962962906512
1442,16.11,12.257972915617001
1443,16.27,10.620597911605543
1444,17.58,11.734717721359983
1445,14.75,10.514157122660855
1446,15.35,11.198549013153443
1447,16.29,12.639062465230559
1448,14.82,11.918372372098467
1449,17.87,12.998965343441762
1450,15.37,12.261039923269152
1451,17.38,12.054692032565576
1452,15.83,12.104590038493663
1453,16.28,11.139192071241075
1454,17.48,12.646327530156734
1455,15.46,13.424917131960255
1456,15.16,12.26435485461832
1457,17.3,12.875946567146048
1458,13.35,9.556542261717889
1459,17.17,12.425823916344541
1460,14.89,11.945622629231178
1461,15.51,10.50094757629044
1462,18.88,13.74865811633994
1463,17.59,12.90511139045301
1464,15.4,12.264583156389783
1465,16.44,12.350157893727514
1466,14.7,10.903669107231751
1467,16.35,11.486840296617691
1468,15.83,12.027514290159873
1469,18.57,12.95782003270612
1470,17.41,13.058403424615125
1471,16.55,12.647035225696179
1472,16.0,10.49571341072154
1473,17.76,13.082140497640284
1474,15.65,11.358146855891587
1475,15.26,11.456543981498086
1476,17.03,11.768988911542065
1477,15.55,10.726019765038664
1478,15.92,11.39094377125969
1479,14.04,10.80085181825952
1480,16.08,10.255418080214966
1481,14.4,10.714476188783099
1482,16.53,12.10739856451418
1483,18.09,13.409768827239343
1484,13.74,9.393210313838392
1485,14.81,11.032402276929533
1486,17.24,12.897379578813672
1487,18.91,12.639695407722451
1488,13.76,10.24999512195006
1489,16.96,11.974071989093769
1490,16.17,12.357228653707109
1491,14.26,11.35131710419544
1492,16.23,12.036490352258003
1493,16.54,12.202802956698104
1494,16.84,11.993098015108524
1495,16.16,11.572138955266656
1496,16.65,12.252652773991432
1497,16.33,12.348323772885125
1498,14.97,11.268056620376026
1499,17.2,13.399253710561647
1500,15.99,11.37233045597955
1501,17.26,12.452003854801847
1502,17.81,11.197941775165646
1503,14.95,11.22352440189801
1504,16.98,11.89956301718681
1505,15.62,11.149690578666295
1506,14.72,9.579227526267449
1507,15.02,11.554202698585483
1508,15.91,11.62333428926485
1509,16.76,12.031724730893739
1510,17.7,12.471968569556296
1511,14.88,11.21987522212257
1512,14.91,10.343205499263757
1513,17.05,10.410931754650974
1514,14.76,10.515816658728891
1515,16.19,11.423392665928978
1516,15.58,12.922987270751296
1517,15.56,11.90824924159719
1518,16.08,11.738551869800633
1519,17.17,11.987539363856117
1520,15.48,11.953643795931015
1521,13.83,11.569835781029909
1522,14.76,10.379903660439245
1523,17.15,13.060914975605648
1524,16.58,11.471861226496772
1525,17.71,13.234269908083336
1526,17.09,13.614767717445643
1527,15.21,11.534552440385365
1528,17.16,13.13751879161358
1529,14.86,10.087635996604952
1530,16.11,11.682375614574289
1531,17.1,12.639224659764535
1532,15.86,11.494363836246006
1533,15.43,11.040158513354779
1534,17.33,12.844496876094446
1535,14.97,11.068382899050789
1536,14.58,11.565621470547963
1537,16.51,11.487815284030292
1538,15.95,11.841769293479757
1539,17.43,12.040145347959882
1540,16.72,12.718553376858548
1541,15.45,10.745580486879248
1542,14.28,10.01506864679419
1543,17.13,13.347400495976734
1544,16.36,11.956186683052419
1545,14.09,10.220660448327202
1546,16.99,12.859622856056081
1547,16.65,11.25910742465849
1548,17.2,11.876026271442818
1549,15.66,10.459655826077642
1550,17.12,12.71241912461983
1551,18.07,11.04287553130977
1552,14.8,11.10765501804949
1553,17.26,11.817461656379514
1554,16.2,12.17538500417954
1555,14.82,11.3299426300401
1556,15.33,12.211515057518456
1557,16.87,12.359332506248062
1558,15.83,11.980863908750486
1559,15.6,11.53863076798976
1560,15.53,11.496482070616214
1561,15.85,12.298272236375318
1562,14.91,10.093656423714847
1563,15.7,11.832582135780846
1564,15.97,11.772387183574962
1565,15.88,11.353660202771616
1566,15.15,10.70735728366248
1567,14.49,10.262061196465355
1568,16.87,12.78956996931484
1569,16.3,12.088424214925618
1570,15.47,9.805564746612
1571,15.1,10.158247880417173
1572,17.23,11.907018938424512
1573,17.38,12.715958477440857
1574,17.98,12.419323653081918
1575,16.94,12.473026898070895
1576,15.77,10.706871625269448
1577,17.47,13.221539244732437
1578,16.45,11.69989316190537
1579,15.72,11.828846097570128
1580,14.73,11.156930581481628
1581,16.69,11.8782953322436
1582,17.26,11.463524763352675
1583,17.03,11.806316106220432
1584,14.94,11.665178952763654
1585,15.06,12.215416489010922
1586,15.49,11.8004194840692
1587,16.87,12.803636202266919
1588,16.24,12.149172811348103
1589,14.18,10.126578889239937
1590,15.78,10.855026485458248
1591,15.95,10.650234739197067
1592,14.04,9.993918150555364
1593,14.73,9.961781969105731
1594,15.13,9.930412881647973
1595,15.59,10.567019447318152
1596,13.93,10.507383118550496
1597,15.95,11.605494388435165
1598,15.61,10.570614930078571
1599,16.16,11.218484746167817
1600,14.11,11.085030446507579
1601,16.84,12.077847490343633
1602,15.78,11.541732972132046
1603,16.03,11.27604097190144
1604,15.64,9.984507999896639
1605,15.92,11.151394531626977
1606,15.17,10.545193217765142
1607,15.06,10.160531482161746
1608,15.28,10.434634636631989
1609,16.46,11.414394421080775
1610,15.76,12.929903325237975
1611,17.43,12.216591177574864
1612,15.73,12.014869953520096
1613,15.43,11.756917112916975
1614,16.83,12.642828006423246
1615,16.63,10.73187308907443
1616,14.24,9.807262615021582
1617,17.32,12.292176373612607
1618,16.99,12.639220703825059
1619,17.77,12.725450876098655
1620,15.08,10.188895916633951
1621,15.76,11.835641089522783
1622,17.12,12.377624974121652
1623,16.36,11.65291379870288
1624,15.09,10.408741518550643
1625,16.07,10.903444409910108
1626,14.02,9.44772988606258
1627,15.56,11.773971292643788
1628,15.1,11.966202405107477
1629,15.0,12.443472184241825
1630,16.66,11.190370860699835
1631,16.21,12.723439000521832
1632,14.99,11.778365761004368
1633,15.95,11.385407326925112
1634,16.9,10.067273712381121
1635,13.71,9.69875765240064
1636,15.73,11.880955348792453
1637,15.66,10.664164289807243
1638,16.88,11.380931420582414
1639,16.09,12.168890664312833
1640,13.92,9.029595782757939
1641,16.04,12.309281051304337
1642,15.67,11.643929749015149
1643,15.5,9.839207285142438
1644,14.98,12.439437286308412
1645,18.22,12.396434971393992
1646,16.94,12.052236307009586
1647,15.5,11.997916485790356
1648,16.81,12.691489274312923
1649,14.27,10.593257289427081
1650,15.31,9.277602060877586
1651,13.73,11.214147314887565
1652,16.12,10.963831447080898
1653,16.39,11.891925832261146
1654,14.89,11.368284831055211
1655,16.15,12.903778516388135
1656,17.07,12.03266803331663
1657,17.34,12.263947162312792
1658,15.35,11.89821415171201
1659,15.51,10.24352966511056
1660,14.95,12.040245014118277
1661,13.07,11.372119415482763
1662,13.33,10.833332820512808
1663,16.62,11.335589971413043
1664,16.04,11.224900890431062
1665,17.93,12.548509871693929
1666,15.46,11.818138601319582
1667,16.34,11.484964083531127
1668,15.52,11.499982608682505
1669,15.58,11.043713143684965
1670,16.02,11.21960783628376
1671,15.26,11.464397062209594
1672,14.92,10.522053031609373
1673,14.82,10.940182813829031
1674,17.21,12.595471408407072
1675,15.88,10.402192076673069
1676,18.01,11.994577941720166
1677,16.81,11.568660250867424
1678,14.83,10.610424119704172
1679,19.48,13.211722067921349
1680,18.08,12.088573116790915
1681,17.2,12.44829305567635
1682,16.76,11.415007665350032
1683,16.12,10.79748118775856
1684,15.29,11.626947148757493
1685,15.22,10.7373926071463
1686,15.27,10.809121148363543
1687,16.32,12.136622264864307
1688,16.17,12.606391236194442
1689,15.71,11.50156076365291
1690,14.64,9.652481546213908
1691,14.37,8.970680018816857
1692,16.74,12.820780007472242
1693,16.02,11.809301418796963
1694,14.69,9.967642650095359
1695,17.83,12.029177029206947
1696,15.89,11.900331928143851
1697,13.22,10.354303453154152
1698,13.59,10.072829791076586
1699,15.5,10.535179163165665
1700,14.37,9.323792146975393
1701,13.58,9.396999521123753
1702,14.45,11.122387333661782
1703,14.64,9.186424767013554
1704,15.0,10.510946674776731
1705,14.52,10.659718570393874
1706,14.96,11.210637805227675
1707,15.8,11.954915307102764
1708,15.06,10.853404995668413
1709,15.8,12.323148948219364
1710,16.56,12.257503824188674
1711,17.0,11.882760622010357
1712,15.04,10.971709073795203
1713,15.93,12.105581357373959
1714,13.61,9.770255882012508
1715,15.7,12.07766533730754
1716,16.13,11.145093090683453
1717,16.44,12.020249581435488
1718,14.6,11.3349018522438
1719,15.16,10.643984216448276
1720,14.24,10.54904735035349
1721,16.23,11.292346965976558
1722,13.76,9.506965867194436
1723,15.55,11.768920936092654
1724,15.7,11.20937107959229
1725,14.75,11.693053493420784
1726,14.27,9.40303674352068
1727,12.17,8.909607174281032
1728,15.82,12.031940824322566
1729,14.68,11.151573879950757
1730,14.98,10.539430724664403
1731,16.67,12.085574045116761
1732,14.33,10.527160110875107
1733,15.5,11.530394615970435
1734,14.78,11.699213648788538
1735,15.29,11.196691475610104
1736,15.1,10.714009520249643
1737,16.18,11.047515557807557
1738,16.79,12.267269459826828
1739,16.32,11.823603511620304
1740,16.09,11.52049912113186
1741,14.71,9.973259246605396
1742,16.05,10.856679971335623
1743,16.09,11.325277038554065
1744,17.65,12.695963925594619
1745,15.88,12.385701433507915
1746,15.15,10.244388707970815
1747,18.59,12.61514565908773
1748,15.4,11.653325705565768
1749,14.57,10.84735451619426
1750,16.35,12.093283259727276
1751,15.78,10.472420923549626
1752,14.92,11.10376512719897
1753,14.69,10.244701069333358
1754,15.08,10.091263548238151
1755,15.72,12.423429478207696
1756,16.53,11.527753467176508
1757,15.71,11.339572302340157
1758,16.03,11.724721745099114
1759,14.23,11.159619169129382
1760,16.66,10.619058338666383
1761,14.72,12.38473253647409
1762,14.13,10.348579612681151
1763,14.83,11.100499988739246
1764,15.13,9.580871567868968
1765,16.96,11.994098548869776
1766,14.36,12.151971033540196
1767,14.77,11.781218103405097
1768,14.6,11.036303729057114
1769,15.86,10.721958776268448
1770,15.5,10.943034314119645
1771,14.77,10.025821662088353
1772,14.72,11.029125078627043
1773,16.89,11.405169880365658
1774,14.42,10.117489807259506
1775,15.53,12.133799899454415
1776,18.14,12.35720033017188
1777,16.82,10.327032487602624
1778,18.12,11.221657631562284
1779,15.93,11.176989755743717
1780,14.68,10.305221977230765
1781,16.68,10.186147456227008
1782,16.16,12.193211225924038
1783,15.32,11.689208698624556
1784,18.53,12.046123857905496
1785,16.03,11.240511554195386
1786,13.97,9.806584522656193
1787,14.17,10.839792433437092
1788,15.64,10.858655533720553
1789,14.87,10.7737226621071
1790,15.17,11.697055184960016
1791,12.62,9.084910566428269
1792,15.76,11.182235912374592
1793,16.63,11.550458865343835
1794,15.58,10.887772958690862
1795,17.05,11.271534944274448
1796,15.83,10.283049158688293
1797,15.75,9.47984704517958
1798,15.66,10.552933241521051
1799,15.22,11.764845940342784
1800,15.25,10.616378855334807
1801,16.8,9.946858800646563
1802,14.62,11.317932673416996
1803,16.21,11.439663456588217
1804,15.48,11.45991273963288
1805,15.38,10.797944248791062
1806,15.41,10.690271278129476
1807,14.38,10.565774936084905
1808,15.08,9.750569214153602
1809,14.85,10.876005700623734
1810,18.14,11.853286464099313
1811,15.02,11.625816100386244
1812,14.83,10.958152216500737
1813,15.49,9.946351089721295
1814,14.6,11.649892703368556
1815,15.67,12.181999014940034
1816,14.38,9.632009136208291
1817,14.25,11.05294078514854
1818,14.08,10.109085022889063
1819,15.09,10.962750567261848
1820,15.23,10.958882242272704
1821,15.13,10.160369087784163
1822,16.51,10.15627392304875
1823,14.34,11.289127512788573
1824,15.82,11.596878890460138
1825,15.29,10.656730267769749
1826,15.45,10.491305924430952
1827,14.92,10.719776117065132
1828,15.95,11.458948468336876
1829,14.93,9.996254298486008
1830,14.63,10.187889869840566
1831,16.29,10.58044895077709
1832,14.8,10.311159003720192
1833,15.73,12.055583768528171
1834,15.75,11.102589787972894
1835,14.65,10.71575942245812
1836,16.62,11.177459460897188
1837,14.35,10.589027339656836
1838,14.46,11.00219978004399
1839,14.34,11.239412796049445
1840,17.46,12.769040684405386
1841,15.24,11.527462860491028
1842,14.44,9.609703429346817
1843,14.93,10.3626782252466
1844,15.42,11.412431817978147
1845,14.61,10.504184880322699
1846,15.73,11.384950592778168
1847,13.2,10.373041983911953
1848,14.04,9.921612772125304
1849,16.23,11.942240158362248
1850,15.61,10.693825321184184
1851,13.83,9.889443867073616
1852,13.41,9.68617055393926
1853,13.28,10.55564304057313
1854,15.6,11.914696806885182
1855,13.26,9.74743043063145
1856,15.16,11.374286790827808
1857,13.85,9.909969727501691
1858,14.07,10.348193078987272
1859,17.1,11.99208072020865
1860,15.46,11.66569329272804
1861,14.9,11.470396680150165
1862,17.64,11.491318462213115
1863,14.75,9.530346268630536
1864,14.0,11.276524287208359
1865,15.07,10.106685905874388
1866,13.19,9.231137524704092
1867,13.24,8.148766777862768
1868,13.82,10.607902714486029
1869,15.41,11.593183341947112
1870,16.8,11.501304273863902
1871,16.4,11.055315463612969
1872,12.39,8.448544253301868
1873,14.85,10.291136963426341
1874,15.31,10.988807942629624
1875,16.29,11.84845559556181
1876,14.08,10.254442939526262
1877,16.02,11.178532998564704
1878,14.63,9.419824839135812
1879,15.07,10.166862839637409
1880,14.95,10.866807258804217
1881,16.56,11.928386311651716
1882,14.7,10.769865365918
1883,13.93,11.440502611336619
1884,15.36,9.395232833730093
1885,15.23,11.693463986347247
1886,14.05,10.357967947430616
1887,14.69,10.586496115334858
1888,16.28,11.805998475351418
1889,16.65,11.98029632354726
1890,13.67,10.12625794654669
1891,15.53,10.456055661672808
1892,16.64,10.432180980025223
1893,14.32,10.768361063783104
1894,15.19,9.84042173892969
1895,13.73,9.639351637947442
1896,14.05,11.351101268158967
1897,16.82,11.39331382873306
1898,14.68,11.58436877866032
1899,14.87,11.553921412230569
1900,13.65,10.843777017257409
1901,13.6,10.44030650891055
1902,17.39,12.356289896243128
1903,17.58,11.994315320183977
1904,12.81,9.742376506787242
1905,15.69,9.727995682564831
1906,14.07,9.545946783844963
1907,13.53,10.452229427256176
1908,16.25,11.683642411508494
1909,14.7,9.973464794142506
1910,15.85,12.357487608733418
1911,13.43,9.990250247115936
1912,13.78,10.991433027590167
1913,14.97,9.453523152772197
1914,16.06,10.440134098755632
1915,14.3,9.87066360484441
1916,16.45,12.227325954598577
1917,16.28,12.383925064372766
1918,14.19,10.532516318525216
1919,15.95,10.317339773410586
1920,14.03,9.928197218025032
1921,14.39,11.080518940916082
1922,14.93,10.154068150253867
1923,13.11,9.262715584535671
1924,15.45,10.167964398049396
1925,15.59,10.944491765267127
1926,14.78,9.734043353098446
1927,14.18,9.924091898002557
1928,13.64,9.65869556410181
1929,15.32,11.038912989964183
1930,14.02,10.51853601980808
1931,15.83,11.230365087565053
1932,14.8,10.428806259586954
1933,13.24,9.790934582561563
1934,15.42,12.265545238594163
1935,17.37,12.058735422920599
1936,14.25,9.477737071685414
1937,13.84,9.986711170350327
1938,14.84,10.504018278735044
1939,15.23,11.57571164119079
1940,16.17,12.575416494096727
1941,13.54,10.79205263145061
1942,14.63,11.048669603169428
1943,15.32,11.660943358064989
1944,14.01,9.008323928456392
1945,15.62,12.352149610492905
1946,14.59,10.054944057527122
1947,15.45,9.836030703490103
1948,14.78,9.745337346649423
1949,14.35,10.725087412231193
1950,14.56,8.790130829515567
1951,15.22,11.24684844745407
1952,12.93,10.384849541519607
1953,13.49,9.876735290570464
1954,16.92,13.339175386807089
1955,14.98,11.05891495581732
1956,14.95,11.999479155363371
1957,16.05,10.766034553167662
1958,15.95,11.611524447720035
1959,15.62,11.498504250553635
1960,12.96,9.26813897176774
1961,14.91,10.453798352751974
1962,14.52,10.75219047450332
1963,13.61,10.538401207014278
1964,15.5,11.894956914591999
1965,16.6,11.331372379372233
1966,14.19,9.646444941013245
1967,15.67,9.076403472741832
1968,14.29,8.3093862589243
1969,14.96,10.275135035609019
1970,17.13,11.681314138400698
1971,15.87,10.850488468267224
1972,12.57,9.016934068739774
1973,16.96,10.97353179245406
1974,14.82,10.444500945473651
1975,16.08,12.047140739611205
1976,14.99,10.986805723230022
1977,14.5,9.801530492734285
1978,16.62,12.089483032785148
1979,15.1,10.896329657274507
1980,15.7,11.415340555585718
1981,13.55,9.401462652162163
1982,14.67,11.126594267789221
1983,13.53,8.213957633199723
1984,15.71,11.113320835825808
1985,15.44,11.573521503846614
1986,13.99,10.96402754465712
1987,14.23,9.876087281914836
1988,16.54,10.662476260231482
1989,15.91,11.91645500977535
1990,15.01,10.28153198701439
1991,15.52,11.015879447415896
1992,14.88,10.373311910860483
1993,14.13,10.678628189051253
1994,16.15,11.283948776913157
1995,14.82,9.901898807804491
1996,14.16,9.993718026840659
1997,12.76,8.891703998672021
1998,16.5,11.35033039166702
1999,14.29,10.181645250154808
